-- phpMyAdmin SQL Dump
-- version 4.6.5.2
-- https://www.phpmyadmin.net/
--
-- Máy chủ: 127.0.0.1
-- Thời gian đã tạo: Th3 08, 2021 lúc 11:23 SA
-- Phiên bản máy phục vụ: 10.1.21-MariaDB
-- Phiên bản PHP: 7.1.1

SET SQL_MODE = "NO_AUTO_VALUE_ON_ZERO";
SET time_zone = "+00:00";


/*!40101 SET @OLD_CHARACTER_SET_CLIENT=@@CHARACTER_SET_CLIENT */;
/*!40101 SET @OLD_CHARACTER_SET_RESULTS=@@CHARACTER_SET_RESULTS */;
/*!40101 SET @OLD_COLLATION_CONNECTION=@@COLLATION_CONNECTION */;
/*!40101 SET NAMES utf8mb4 */;

--
-- Cơ sở dữ liệu: `ctcvn.vn`
--

-- --------------------------------------------------------

--
-- Cấu trúc bảng cho bảng `wpdt_commentmeta`
--

DROP TABLE IF EXISTS `wpdt_commentmeta`;
CREATE TABLE `wpdt_commentmeta` (
  `meta_id` bigint(20) UNSIGNED NOT NULL,
  `comment_id` bigint(20) UNSIGNED NOT NULL DEFAULT '0',
  `meta_key` varchar(255) COLLATE utf8mb4_unicode_ci DEFAULT NULL,
  `meta_value` longtext COLLATE utf8mb4_unicode_ci
) ENGINE=InnoDB DEFAULT CHARSET=utf8mb4 COLLATE=utf8mb4_unicode_ci;

-- --------------------------------------------------------

--
-- Cấu trúc bảng cho bảng `wpdt_comments`
--

DROP TABLE IF EXISTS `wpdt_comments`;
CREATE TABLE `wpdt_comments` (
  `comment_ID` bigint(20) UNSIGNED NOT NULL,
  `comment_post_ID` bigint(20) UNSIGNED NOT NULL DEFAULT '0',
  `comment_author` tinytext COLLATE utf8mb4_unicode_ci NOT NULL,
  `comment_author_email` varchar(100) COLLATE utf8mb4_unicode_ci NOT NULL DEFAULT '',
  `comment_author_url` varchar(200) COLLATE utf8mb4_unicode_ci NOT NULL DEFAULT '',
  `comment_author_IP` varchar(100) COLLATE utf8mb4_unicode_ci NOT NULL DEFAULT '',
  `comment_date` datetime NOT NULL DEFAULT '0000-00-00 00:00:00',
  `comment_date_gmt` datetime NOT NULL DEFAULT '0000-00-00 00:00:00',
  `comment_content` text COLLATE utf8mb4_unicode_ci NOT NULL,
  `comment_karma` int(11) NOT NULL DEFAULT '0',
  `comment_approved` varchar(20) COLLATE utf8mb4_unicode_ci NOT NULL DEFAULT '1',
  `comment_agent` varchar(255) COLLATE utf8mb4_unicode_ci NOT NULL DEFAULT '',
  `comment_type` varchar(20) COLLATE utf8mb4_unicode_ci NOT NULL DEFAULT 'comment',
  `comment_parent` bigint(20) UNSIGNED NOT NULL DEFAULT '0',
  `user_id` bigint(20) UNSIGNED NOT NULL DEFAULT '0'
) ENGINE=InnoDB DEFAULT CHARSET=utf8mb4 COLLATE=utf8mb4_unicode_ci;

--
-- Đang đổ dữ liệu cho bảng `wpdt_comments`
--

INSERT INTO `wpdt_comments` (`comment_ID`, `comment_post_ID`, `comment_author`, `comment_author_email`, `comment_author_url`, `comment_author_IP`, `comment_date`, `comment_date_gmt`, `comment_content`, `comment_karma`, `comment_approved`, `comment_agent`, `comment_type`, `comment_parent`, `user_id`) VALUES
(1, 1, 'WordPress 示範留言者', 'wapuu@wordpress.example', 'https://wordpress.org/', '', '2021-01-29 17:47:34', '2021-01-29 09:47:34', '網站管理員你好，這是一則預留內容留言。\n如需開始審閱、編輯及刪除留言，請前往 [控制台] 的 [留言] 頁面進行必要的操作。\n留言者個人頭像來源為 <a href=\"https://zh-tw.gravatar.com\" target=\"_blank\">Gravatar</a>。', 0, '1', '', 'comment', 0, 0),
(2, 1925, 'admin', 'giaminh0265@yahoo.com', 'http://localhost/ctcvn.vn', '127.0.0.1', '2021-02-02 17:52:36', '2021-02-02 09:52:36', 'fdghdfgdfgdf', 0, '1', 'Mozilla/5.0 (Windows NT 10.0; Win64; x64; rv:86.0) Gecko/20100101 Firefox/86.0', 'comment', 0, 1),
(3, 1925, 'admin', 'giaminh0265@yahoo.com', 'http://localhost/ctcvn.vn', '127.0.0.1', '2021-02-02 17:58:06', '2021-02-02 09:58:06', 'sadfasfwsdsd', 0, '1', 'Mozilla/5.0 (Windows NT 10.0; Win64; x64; rv:86.0) Gecko/20100101 Firefox/86.0', 'comment', 0, 1),
(4, 1925, 'admin', 'giaminh0265@yahoo.com', 'http://localhost/ctcvn.vn', '127.0.0.1', '2021-02-02 18:03:22', '2021-02-02 10:03:22', 'asdfasdfasfasfwe', 0, '1', 'Mozilla/5.0 (Windows NT 10.0; Win64; x64; rv:86.0) Gecko/20100101 Firefox/86.0', 'comment', 2, 1);

-- --------------------------------------------------------

--
-- Cấu trúc bảng cho bảng `wpdt_guests`
--

DROP TABLE IF EXISTS `wpdt_guests`;
CREATE TABLE `wpdt_guests` (
  `ID` int(11) NOT NULL,
  `barcode` varchar(13) NOT NULL,
  `app_code` varchar(30) NOT NULL,
  `full_name` varchar(150) NOT NULL,
  `country` varchar(5) NOT NULL,
  `position` varchar(50) NOT NULL,
  `email` varchar(100) NOT NULL,
  `phone` varchar(50) NOT NULL,
  `check_in` int(1) NOT NULL DEFAULT '0',
  `img` varchar(100) NOT NULL,
  `note` varchar(500) NOT NULL,
  `create_date` varchar(11) NOT NULL,
  `status` varchar(2) DEFAULT NULL
) ENGINE=InnoDB DEFAULT CHARSET=utf8 COMMENT='ban nay ghi cac khach can check in';

--
-- Đang đổ dữ liệu cho bảng `wpdt_guests`
--

INSERT INTO `wpdt_guests` (`ID`, `barcode`, `app_code`, `full_name`, `country`, `position`, `email`, `phone`, `check_in`, `img`, `note`, `create_date`, `status`) VALUES
(2472, '024102472516', '', 'kiem tra ', '0241', 'chu tich tay ninh', 'darbyliu@gmail.com', '12302123123', 0, '欣揚-Logo-2.bmp', 'afasdf', '12-12-2016', '0'),
(2473, '061002473688', '', 'test', '0610', 'thu ky dong nai', 'dsfsd@dfsd.ss', '123456789', 0, '允發logo1.jpg', 'sdfsdaf', '12-12-2016', '0'),
(2474, '063002474785', '', '測試', '0630', 'hoi truong Lam Dong', 'sdfasfsfas@dfsda.sdf', '1231321', 0, '鈺將-Logo-2.jpg', 'sdfasdf', '12-12-2016', '0'),
(2488, '024188342380', '', '博華生', '0241', '理事', '', '0913-941688', 0, '', '', '12-12-2016', '0'),
(2489, '024188342429', '', '陳偉全', '0241', '監事', '', '0912-904472', 1, '024188342429.jpg', '', '12-12-2016', '1'),
(2491, '024102491980', '', '陳冠騰', '0241', '會員代表', '', '01693-609060', 0, '024102491980.jpg', '', '12-12-2016', '0'),
(2495, '061002495169', '', '李天柒', '0610', '名譽總會長', ' gm@asy1988.com', '0913-851117', 1, 'Picture-26.jpg', '', '12-12-2016', '1'),
(2496, '061002496233', '', '簡智明', '0610', '諮詢委員', 'ho_team07@yahoo.com', '0938-699989', 1, '061002496233.jpg', '', '12-12-2016', '1'),
(2497, '061002497267', '', '鄭文鴻', '0610', '諮詢委員', 'henrywcheng@gmail.com', '0903-940902', 1, '061002497267.jpg', '', '12-12-2016', '1'),
(2498, '061002498323', '', '陳正仁', '0610', '諮詢委員', 'raymondchen@taicera.com', '0913-808967', 1, '061002498323.jpg', '', '12-12-2016', '1'),
(2499, '061002499378', '', '張耀仁', '0610', '諮詢委員', 'yaojen1689@gmail.com', '0938-708211', 0, '張耀仁.jpg', '', '12-12-2016', '1'),
(2500, '061002500413', '', '紀淑惠', '0610', '資深理事', 'cc.smart.ehr@gmail.com      ', '0903-903720', 1, '061002500413.jpg', '', '12-12-2016', '1'),
(2501, '061002501450', '', '莊宗衛', '0610', '資深理事', 'gn0709@hotmail.com', '0906-305816', 1, '061002501450.jpg', '', '12-12-2016', '1'),
(2502, '061002502481', '', '田坤長', '0610', '資深理事', 'chinchang.chinchang@yahoo.com', '0918-537058', 0, '061002502481.jpg', '', '12-12-2016', '1'),
(2503, '061002503552', '', '盧金福', '0610', '資深理事', 'yusern@hcm.vnn.vn', '0918-014389', 0, '', '', '12-12-2016', '1'),
(2504, '061002504589', '', '游長立', '0610', '資深理事', 'longly@kingcar.com.tw', '0938-665223', 1, '061002504589.jpg', '', '12-12-2016', '1'),
(2505, '061002505624', '', '郭順德', '0610', '資深理事', 'steven@junmay.com', '0913-941798', 1, '0610025025624.jpg', '', '12-12-2016', '1'),
(2506, '061002506700', '', '王瑞棟', '0610', '資深理事', 'info@dongnaigolf.com.vn', '0919-692859', 0, '061002506700.jpg', '', '12-12-2016', '1'),
(2507, '061002507733', '', '康朝棟', '0610', '資深理事', 'sfcastco@hotmail.com', '0913-850164', 1, '061002507733.jpg', '', '12-12-2016', '1'),
(2508, '061002508772', '', '陳聰志', '0610', '理事', 'gententctc@yahoo.com.tw', '0918-268826', 0, '', '', '12-12-2016', '0'),
(2509, '061002509810', '', '王丁樹', '0610', '理事', 'kao@mail.taya.com.tw', '0909-330968', 1, '061002509810.jpg', '', '12-12-2016', '1'),
(2510, '061002510887', '', '林淑莉', '0610', '資深理事', 'lily@chientabolt.com', '0918-684633', 1, 'Picture-23.jpg', '', '12-12-2016', '1'),
(2511, '061002511921', '', '賴鴻樟', '0610', '資深理事', 'lai0528@yaoo.com.tw', '0932-652999', 1, '061002511921.jpg', '', '12-12-2016', '1'),
(2512, '061002512949', '', '吳明穎', '0610', '副總會長', 'peterwu812@yahoo.com', '0918-902078', 1, '061002512949.jpg', '', '12-12-2016', '1'),
(2513, '061002513981', '', '郭丁元', '0610', '監事', 'trungducnghiadn@yahoo.com.vn', '0907-345968', 0, '061002513981.jpg', '', '12-12-2016', '0'),
(2514, '061002514028', '', '張志明', '0610', '會員代表', 'chang@datkien.com', '0932-773637 ', 0, '061002514028.jpg', '', '12-12-2016', '0'),
(2515, '061002515064', '', '陳昭影', '0610', '理事', 'vuphuong.alanmi@gmail.com', '0913-755861', 1, '061002515064.jpg', '', '12-12-2016', '1'),
(2516, '061002516094', '', '李維淳', '0610', '會員代表', 'winnie@vpic-group.com', '0913-126400', 0, '061002516094.jpg', '', '12-12-2016', '0'),
(2519, '061002519565', '', '蔡秉軒', '0610', '會員代表', 'u005937@vedaninternational.com', '0918-972200', 0, '061002519565.jpg', '', '12-12-2016', '0'),
(2520, '065089653734', '', '游聰憫', '0650', '會員代表', 'degin0911@gmail.com', '01253-471375', 0, '061002520608.jpg', '', '12-12-2016', '0'),
(2521, '036088344469', '', '黃秀滿', '0360', '諮詢委員', 'shengfang.vn22@gmail.com', '0984-730360', 1, '061002521659.jpg', '', '12-12-2016', '1'),
(2522, '036002522710', '', '侯國源', '0360', '諮詢委員', 'taitongvn@gmail.com', '0937-558407台', 0, '', '', '12-12-2016', '1'),
(2523, '036002523746', '', '黃增發', '0360', '資深理事', 'taitongvn@gmail.com', '0976-137749', 0, '036002523746.jpg', '', '12-12-2016', '1'),
(2524, '036002524811', '', '涂清堯', '0360', '理事', 'chingyao.tu@nhjeans.com', '0129-6876789', 0, '', '', '12-12-2016', '0'),
(2525, '036002525841', '', '徐豐吉', '0360', '資深理事', 'hsufongchi@gmail.com', '0967-166128', 0, '036002525841.jpg', '', '12-12-2016', '0'),
(2526, '036002526874', '', '陳佑宗', '0360', '會員代表', 'puma891136@yahoo.com.tw', '0168-8024976', 0, '', '', '12-12-2016', '0'),
(2527, '051102527924', '', '楊玉鳳', '0511', '名譽總會長', 'moneyyangtw@gmail.com', '0913-416999', 1, '11諮詢委員楊玉鳳.jpg', '', '12-12-2016', '1'),
(2528, '051102528956', '', '邱誠財', '0511', '諮詢委員', 'chiu4896@gmail.com', ' 0905-091177', 0, '051102528956.jpg', '', '12-12-2016', '1'),
(2530, '051102530019', '', '蘇欽賢', '0511', '諮詢委員', 'shuchin618@gmail.com', '0913-406279', 0, '051102530019.jpg', '', '12-12-2016', '0'),
(2531, '051102531050', '', '何金良', '0511', '諮詢委員', ' hwawei2002@yahoo.com.tw', '0903-569888', 0, '051102531050.jpg', '', '12-12-2016', '1'),
(2532, '051102532081', '', '錡永吉', '0511', '諮詢委員', 'duongviet@vnn.vn', '0913-906749', 0, '051102532081.jpg', '', '12-12-2016', '0'),
(2533, '051102533106', '', '許峯榮', '0511', '諮詢委員', 'jung0513@gmail.com', '0903-521688', 0, '051102533106.jpg', '', '12-12-2016', '1'),
(2534, '051102534134', '', '王聰實', '0511', '諮詢委員', 'ericwangvn@gmail.com', '0903-502128', 1, '051102534134.jpg', '', '12-12-2016', '1'),
(2535, '051102535169', '', '林元豐', '0511', '理事', 'linyuanfeng@ms95.url.com.tw ', '0121-712-5888', 0, '', '', '12-12-2016', '0'),
(2536, '051102536194', '', '邱順添', '0511', '監事', 'chiu@mail.texland.com.tw', '0912-269000', 0, '', '', '12-12-2016', '0'),
(2538, '008102538288', '', '廖義雄', '0081', '副總會長', 'hdtkcxtt@gmail.com', '0903-640354', 0, '008102538288.jpg', '', '12-12-2016', '1'),
(2539, '008102539321', '', '郭吉安', '0081', '理事', 'misssaigon@hcm.vnn.vn', '0913-801928', 0, '008102539321.jpg', '', '12-12-2016', '0'),
(2540, '008102540352', '', '黃泰瑋', '0081', '監事', 'david@everprosperity.com', '0908-341221', 0, '', '', '12-12-2016', '0'),
(2541, '008102541379', '', '簡金木', '0081', '會員代表', ' longfouavn@hcm.vnn.vn', '0903-704980', 0, '', '', '12-12-2016', '0'),
(2542, '063002542425', '', '巫達霖', '0630', '諮詢委員', 'wutaling@gmail.com', '0913-160726', 0, '063002542425.jpg', '', '12-12-2016', '1'),
(2543, '063002543461', '', '呂佳真', '0630', '諮詢委員', 'chen266856@gmail.com', '0909-266856', 1, '063002543461.jpg', '', '12-12-2016', '1'),
(2544, '063002544496', '', '黃平釧', '0630', '資深理事', 'vlr978@yahoo.com.tw', '0913-986266', 0, '063002544496.jpg', '', '12-12-2016', '0'),
(2545, '063002545521', '', '徐嘉濱', '0630', '資深理事', 'c120302508@yahoo.com.tw', '0903-387399', 1, '063002545521.jpg', '', '12-12-2016', '1'),
(2547, '063002547545', '', '黃啓峰', '0630', '監事長', 'sunfong78@gmail.com', '0979-772608', 0, '063002547545.jpg', '', '12-12-2016', '1'),
(2548, '063002548569', '', '韓汶鍀', '0630', '理事', 'handinh2k@yahoo.com', '0908-622258', 0, '', '', '12-12-2016', '0'),
(2549, '063002549601', '', '賴宏南', '0630', '監事', 'lamtai@hcm.vnn.vn', '0913-934331', 1, '063002549601.jpg', '', '12-12-2016', '1'),
(2550, '063002550632', '', '施傳寶', '0630', '副總會長', 'b87121222@yahoo.com.tw', '0918-772539', 1, '063002550632.jpg', '', '12-12-2016', '1'),
(2551, '008035352798', '', '黃基碧', '0080', '理事', 'vnhcp@hotmail.com', '0903-729896', 1, '063002551656.jpg', '', '12-12-2016', '1'),
(2552, '004002552699', '004002552699', '蔡寵恩', '0040', '名譽總會長', 'tsai.sunway@gmail.com', '0903-430788', 1, '4諮詢委員蔡寵恩.jpg', '', '12-12-2016', '1'),
(2553, '004002553727', '004002553727', '陳耀奎', '0040', '名譽總會長', 'akue168@yahoo.com.tw', '0903-255788', 1, '004002553727.jpg', '', '12-12-2016', '1'),
(2554, '004002554758', '004002554758', '盧智生', '0040', '諮詢委員', 'luvntong@gmail.com', '0919-215858', 1, '004002554758.jpg', '', '12-12-2016', '1'),
(2555, '004002555784', '', '葉建德', '0040', '諮詢委員', '\\\"phoenix-paint@vnn.vn president_yeh@yahoo.com.tw\\\"', '0908-278999', 0, '004002555784.jpg', '', '12-12-2016', '1'),
(2556, '004002556813', '', '賴燦賢', '0040', '諮詢委員', 'laifucius@gmail.com', '0913-507168', 0, '', '', '12-12-2016', '1'),
(2557, '004002557842', '', '黃德修', '0040', '諮詢委員', 'genetw@seed.net.tw', '0936-847479', 0, '004002557842.jpg', '', '12-12-2016', '1'),
(2558, '004002558873', '', '鍾定男', '0040', '諮詢委員', 'chungerss@gmail.com', '0905-666900 ', 0, '004002558873.jpg', '', '12-12-2016', '0'),
(2559, '004002559907', '', '李國隆', '0040', '諮詢委員', 'lyquoclonghoitruong@gmail.com', '0913-204901', 0, '004002559907.jpg', '', '12-12-2016', '1'),
(2560, '004002560974', '', '鐘冠理', '0040', '資深理事', 'chunyi.vn@gmail.com', '0904-685996', 0, '004002560974.jpg', '', '12-12-2016', '1'),
(2561, '004002561001', '', '周常遠', '0040', '理事', 'terry090769@gmail.com', '0914-903629', 0, '004002561001.jpg', '', '12-12-2016', '0'),
(2562, '004002562037', '', '蘇世隆', '0040', '理事', 'jacksu3313@gmail.com', '0985-093313', 0, '004002562037.jpg', '', '12-12-2016', '0'),
(2563, '024150472755', '', '黃雍正', '0241', '副總會長', 'baojie.bn@gmail.com', '0914-995848', 1, '004002563071.jpg', '', '12-12-2016', '1'),
(2564, '004002564098', '', '陳慶隆', '0040', '資深理事', 'shinyeong@hn.vnn.vn', '0903-421306', 0, '004002564098.jpg', '', '12-12-2016', '0'),
(2565, '004002565124', '', '陳貴新', '0040', '資深理事', 'singerchen@hotmail.com', '0912-938803', 0, '004002565124.jpg', '', '12-12-2016', '1'),
(2566, '004002566149', '', '吳育安', '0040', '會員代表', 'an5138@pchome.com.tw', '0982-004325', 0, '', '', '12-12-2016', '0'),
(2567, '004002567192', '', '許龍寶', '0040', '會員代表', 'hsu243400@gmail.com', '0966-023821', 0, '', '', '12-12-2016', '0'),
(2568, '039002568234', '', '郭世鐘', '0390', '諮詢委員', '08811kuo@gmaill.com', '0936-167293', 0, '039002568234.jpg', '', '12-12-2016', '1'),
(2569, '039002569261', '', '史水源', '0390', '副總會長', 'shihtw96@gmail.com', '0918-265637', 1, '039002569261.jpg', '', '12-12-2016', '1'),
(2571, '039002571323', '', '葉富國', '0390', '資深監事', 'fkey1123@yahoo.com.tw', '0982-012776', 0, '039002571323.jpg', '', '12-12-2016', '1'),
(2572, '039002572346', '', '張畯珅', '0390', '理事', 'pvwilliam8899@gmail.com', '0932-315028', 1, '039002572346.jpg', '', '12-12-2016', '1'),
(2573, '031002573491', '', '賴建中', '0310', '名譽總會長', 'leonce810@gmail.com dorishsia824@gmail.com', '00886-932696350', 0, '8-諮詢委員賴建中.jpg', '', '12-12-2016', '1'),
(2574, '031002574525', '', '陳威銘', '0310', '諮詢委員', 'rally58@gmail.com', '0903-476669', 0, '031002574525.jpg', '', '12-12-2016', '1'),
(2575, '031002575569', '', '李旋門', '0310', '諮詢委員', 'lehsuanmen56@gmail.com', '0903-429923', 1, '031002575569.jpg', '', '12-12-2016', '1'),
(2576, '031002576610', '', '高國華', '0310', '諮詢委員', 'xinhualuyun@vnn.vn', '0913-281286', 1, '031002576610.jpg', '', '12-12-2016', '1'),
(2577, '031002577653', '', '黃申枝', '0310', '顧問', ' honwuvn@honwu.com.tw', '0913-242923', 0, '', '', '12-12-2016', '0'),
(2578, '004092274507', '', '洪志華', '0040', '副總會長', 'shengyu.bosshh@gmail.com', '0942-699222', 1, '031002578688.jpg', '', '12-12-2016', '1'),
(2579, '031002579770', '', '蔡建修', '0310', '資深理事', '', '0913-254226', 1, '031002579770.jpg', '', '12-12-2016', '1'),
(2580, '031002580831', '', '顏憲富', '0310', '資深理事', 'ctytnhhvibang@vnn.vn', '0912-570329', 0, '031002580831.jpg', '', '12-12-2016', '1'),
(2581, '031002581862', '', '黃國昌', '0310', '資深理事', 'erichoangvn@gmail.com', '0918-360822', 1, '03100258162.jpg', '', '12-12-2016', '1'),
(2582, '031002582908', '', '巫俊德', '0310', '資深理事', 'sales@phongthanh.vn', '0972-688188', 1, '031002582908.jpg', '', '12-12-2016', '1'),
(2583, '031002583951', '', '鍾良有', '0310', '資深理事', 'yu@binh-an.com', '0976-366088', 1, '031002583951.jpg', '', '12-12-2016', '1'),
(2584, '031002584990', '', '劉建明', '0310', '資深理事', 'puyowiz@gmail.com', '0904-152678', 0, '031002584990.jpg', '', '12-12-2016', '0'),
(2585, '031002585018', '', '江朝旭', '0310', '會員代表', 'apollo98168@gmail.com', '0167-7798186', 0, '', '', '12-12-2016', '0'),
(2586, '031002586041', '', '許爾航', '0310', '會員代表', '', '', 0, '031002586041.jpg', '', '12-12-2016', '0'),
(2587, '066002587145', '', '郭海豐', '0660', '副總會長', 'hank.kuo19@gmail.com', '0913-199336', 0, '066002587145.jpg', '', '12-12-2016', '1'),
(2588, '066002588178', '', '陳智賢', '0660', '資深理事', 'chihhsien0826@yahoo.com.tw', '0918-999080', 1, '066002588178.jpg', '', '12-12-2016', '1'),
(2589, '066002589212', '', '王韋藺', '0660', '理事', 'alexnvivian@chouchunasia.com', '0908-613076', 0, '066002589212.jpg', '', '12-12-2016', '0'),
(2590, '066002590233', '', '蔡憲宏', '0660', '監事', '', '', 0, '', '', '12-12-2016', '0'),
(2591, '066002591264', '', '朱志北', '0660', '會員代表', '123clothing.vn@gmail.com', '0913-766313', 0, '', '', '12-12-2016', '0'),
(2593, '072002593338', '', '陳信銘', '0720', '名譽總會長', 'simmyseafood@gmail.com', '0903-950035', 1, '21-資深理事陳信銘.jpg', '', '12-12-2016', '1'),
(2594, '072002594388', '', '王明煙', '0720', '諮詢委員', 'tanminhphong@gmail.com', '0903-738014', 0, '072002594388.jpg', '', '12-12-2016', '1'),
(2595, '072002595436', '', '蔡連勳', '0720', '諮詢委員', 'hsunv.tasing@gmail.com', '0918-902845', 0, '072002595436.jpg', '', '12-12-2016', '0'),
(2596, '072002596469', '', '莊明昭', '0720', '資深理事', 'tangchengco@gmail.com', ' 0903-834058', 1, '072002596469.jpg', '', '12-12-2016', '1'),
(2597, '072002597540', '', '黃瑞意', '0720', '資深理事', 'juiyih6544@yahoo.com.tw', '0909-783588', 1, '072002597540.jpg', '', '12-12-2016', '1'),
(2598, '072002598567', '', '侯松明', '0720', '資深理事', 'glorybridge@gmail.com', '0903-841338', 1, '072002598567.jpg', '', '12-12-2016', '1'),
(2599, '072002599590', '', '許聰明', '0720', '副總會長', 'aaa9151@hanmei.com.vn', '0913-927166', 1, '072002599590.jpg', '', '12-12-2016', '1'),
(2600, '072002600621', '', '洪惠祥', '0720', '監事', 'tedhong3@yahoo.com.vn ', '0933-385168', 0, '', '', '12-12-2016', '1'),
(2601, '072002601662', '', '張俊冠', '0720', '會員代表', '3chuheocon@gmail.com', '0903-714379', 1, '072002601662.jpg', '', '12-12-2016', '1'),
(2602, '064002602708', '', '劉美德', '0640', '名譽總會長', 'meitehliu@ymail.com', '0918-201857', 0, '總會長劉美德.jpg', '', '12-12-2016', '1'),
(2603, '064002603734', '', '柯清茂', '0640', '諮詢委員', 'michaelko@vietnampolystyrene.com', '0908-800938', 0, '064002603734.jpg', '', '12-12-2016', '1'),
(2604, '064002604762', '', '陳俊吉', '0640', '資深理事', 'jameschen@tonghongvn.com', '0903-753878', 1, '064002604762.jpg', '', '12-12-2016', '1'),
(2605, '064002605790', '', '謝淑婷', '0640', '資深理事', 'annahsieh67@yahoo.com.tw', '0919-696216', 0, '064002605790.jpg', '', '12-12-2016', '1'),
(2606, '064002606812', '', '張朝明', '0640', '副總會長', '', '0913-307790', 0, '064002606812.jpg', '', '12-12-2016', '1'),
(2607, '064002607851', '', '吳昭宏', '0640', '理事', 'eric@smartplywoodtech.com', '0908-058688', 0, '064002607851.jpg', '', '12-12-2016', '1'),
(2608, '064002608887', '', '葉坤生', '0640', '理事', 'yeh9603@yahoo.com.tw', '0121-8158222', 0, '', '', '12-12-2016', '0'),
(2609, '064002609912', '', '魏如伶', '0640', '資深理事', 'ling108813@hotmail.com.tw', '0908-737088', 1, '064002609912.jpg', '', '12-12-2016', '1'),
(2610, '064002610945', '', '陳化明', '0640', '會員代表', 'i920a@firstbank.com.tw ', '0903-700850', 0, '', '', '12-12-2016', '0'),
(2611, '064002611971', '', '劉楨崇', '0640', '會員代表', 'tavn.finance@gmail.com', '0937-191788', 1, '064002611971.jpg', '', '12-12-2016', '1'),
(2612, '065002612069', '', '林登義', '0650', '名譽總會長', 'lintengi@yahoo.com.tw', '0121-7123458', 0, '065002612069.jpg', '', '12-12-2016', '1'),
(2613, '065002613110', '', '謝明輝', '0650', '名譽總會長', 'hsieh@chinli.com', '0125-5556688', 1, '065002613110.jpg', '', '12-12-2016', '1'),
(2614, '065002614147', '', '吳建宏', '0650', '諮詢委員', 'jemiewu@gmail.com', '0903-135395', 1, '065002614147.jpg', '', '12-12-2016', '1'),
(2615, '065002615190', '', '祝志華', '0650', '諮詢委員', 'james@jmcaps.com.tw', '0903-907458', 0, '065002615190.jpg', '', '12-12-2016', '1'),
(2616, '065002616221', '', '許玉林', '0650', '輔導總會長', 'eric@daiphatfood.com.vn', '0903-706496', 1, '065002616221.jpg', '', '12-12-2016', '1'),
(2617, '065002617254', '', '蔡文瑞', '0650', '諮詢委員', 'richard@activeddk.com', '0913-951139', 1, '065002617254.jpg', '', '12-12-2016', '1'),
(2618, '065002618283', '', '劉政諺', '0650', '諮詢委員', 'kok.2013.07.03@gmail.com', '0908-172030', 0, '', '', '12-12-2016', '1'),
(2619, '065002619312', '', '陳家達', '0650', '諮詢委員', 'Globalkinetic@gmail.com', '0918-902862', 0, '065002619312.jpg', '', '12-12-2016', '1'),
(2620, '065002620344', '', '陳志成', '0650', '諮詢委員', 'vnhangtan@yahoo.com.vn', '0903-670577', 1, 'Picture-27.jpg', '', '12-12-2016', '1'),
(2621, '065002621405', '', '廖文忠', '0650', '諮詢委員', 'johnnyliao.vn@gmail.com', '0903-715386', 1, '065002621405.jpg', '', '12-12-2016', '1'),
(2622, '065002622438', '', '蔡菀真', '0650', '諮詢委員/財務長', 'jean660415@gmail.com', '0908-002438', 0, '065002622438.jpg', '', '12-12-2016', '1'),
(2623, '065002623463', '', '何泓緯', '0650', '資深理事', ' uythai@gmail.com', '0909-755168', 1, '065002623463.jpg', '', '12-12-2016', '1'),
(2624, '065002624492', '', '吳慶桓', '0650', '資深理事', 'ericwu610813@hotmail.com.tw', '0903-360686', 0, '', '', '12-12-2016', '0'),
(2625, '065002625521', '', '陳英明', '0650', '資深理事', 'davidchen32754@gmail.com', '0914-095500', 1, '065002625521.jpg', '', '12-12-2016', '1'),
(2626, '065002626550', '', '丁元西', '0650', '資深理事', 'andy883@msn.com', '0913-925475', 0, '', '', '12-12-2016', '0'),
(2627, '065002627592', '', '鄧欽豪', '0650', '資深理事', 'cht1965@gmail.com', '0909-988666', 1, '065002627592.jpg', '', '12-12-2016', '1'),
(2628, '065002628624', '', '黃瑞源', '0650', '資深理事', 'hjy_daden@yahoo.com.tw', '0909-721968', 0, '065002628624.jpg', '', '12-12-2016', '1'),
(2629, '065002629652', '', '張慶煌', '0650', '資深理事', 'huang@tcem.com.vn', '0909-307467', 1, '065002629652.jpg', '', '12-12-2016', '1'),
(2630, '065002630685', '', '許生煌', '0650', '資深理事', 'katservice.ccpo@gmail.com', '0938-009401', 0, '065002630685.jpg', '', '12-12-2016', '0'),
(2631, '065002631708', '', '陳皇銘', '0650', '理事', 'ch600812@yahoo.com.tw', '0909-607558', 0, '', '', '12-12-2016', '0'),
(2634, '065002634813', '', '張仁泰', '0650', '理事', 'htchangjentai@hcm.fpt.vn', '0903-335017', 0, '', '', '12-12-2016', '0'),
(2635, '065002635838', '', '賴士弘', '0650', '資深理事', 'marklsh800907@gmail.com', '0913-922518', 1, '065002635838.jpg', '', '12-12-2016', '1'),
(2636, '065002636864', '', '周莉麒', '0650', '顧問', 'vnjudy168@gmail.com', '0903-848168', 1, '065002636864.jpg', '', '12-12-2016', '1'),
(2637, '065002637889', '', '姬登興', '0650', '監事', 'tantaico@vnn.vn', '0903-806159', 0, '065002637889.jpg', '', '12-12-2016', '0'),
(2638, '065002638925', '', '吳俊瑩', '0650', '副總會長', 'chunyingwu0926@gmail.com', '0917-299138', 1, '065002638925.jpg', '', '12-12-2016', '1'),
(2639, '065002639953', '', '何怡樺', '0650', '資深理事', 'evaho70512.hoangtra@gmail.com', '0938-801168', 0, '065002639953.jpg', '', '12-12-2016', '0'),
(2640, '065088351423', '', '黃和杰', '0650', '資深理事', 'chiehkevn@gmail.com', '0933-060707', 1, '065088351423.jpg', '', '12-12-2016', '1'),
(2641, '063092276671', '', '蘇永明', '0630', '資深理事', 'yeongmingsu@hotmail.com', '0913-145933', 0, '065002641012.jpg', '', '12-12-2016', '1'),
(2642, '065002642041', '', '鄭英傑', '0650', '會員代表', 'motokk6863@hotmail.com', '0903-099356', 0, '', '', '12-12-2016', '0'),
(2643, '065002643085', '', '李佳欣', '0650', '會員代表', 'joy610131@gmail.com', '0949-202272', 0, '', '', '12-12-2016', '0'),
(2644, '065002644112', '', '黃怡銘', '0650', '資深理事', 'ct.cvp.vn@gmail.com', '0909-661345', 1, '065002644112.jpg', '', '12-12-2016', '1'),
(2645, '065002645139', '', '謝得奎', '0650', '會員代表', 'lvanhsieh8@gmail.com', '0908-914668', 0, '', '', '12-12-2016', '0'),
(2646, '065002646211', '', '陳靜璿', '0650', '會員代表', 'vien.hong.auto@gmail.com', '01696-088288', 0, '065002646211.jpg', '', '12-12-2016', '0'),
(2647, '065002647242', '', '林明傑', '0650', '理事', 'n680408@yahoo.com.tw', '01289-881899', 0, '065002647242.jpg', '', '12-12-2016', '0'),
(2648, '065002648286', '', '張書豪', '0650', '會員代表', 'hunglong0650@gmail.com', '0913-951871', 0, '056002648286.jpg', '', '12-12-2016', '0'),
(2649, '065002649313', '', '黃川珈', '0650', '會員代表', 'chuan.jia39@gmail.com', '0918-400598', 0, '', '', '12-12-2016', '0'),
(2650, '008002650425', '', '許智豪', '0080', '顧問', 'eddiesheu@digiwin.biz', '0942-239950', 1, '001-1.jpg', '', '12-12-2016', '1'),
(2651, '008002651457', '', '呂春霖', '0080', '名譽總會長', 'yomike0606@gmail.com', '0903-822101', 0, 'luxuanlam.jpg', '', '12-12-2016', '1'),
(2652, '008002652498', '', '林振宇', '0080', '名譽總會長', 'shuenviettown@hcm.vnn.vn', '0903-804756', 1, '5諮詢委員林振宇.bmp', '', '12-12-2016', '1'),
(2653, '008002653523', '', '廖育珠', '0080', '名譽總會長', 'junochuchu@gmail.com', '0903-817266', 0, '008002653523.jpg', '', '12-12-2016', '1'),
(2654, '008002654547', '', '鄭文忠', '0080', '諮詢委員', 'bounchen68@gmail.com', '0903-653912', 1, '008002654547.jpg', '', '12-12-2016', '1'),
(2655, '008002655580', '', '蘇建源', '0080', '諮詢委員', 'sjy5505vn@gmail.com', '0913-948326', 1, '008002655580.jpg', '', '12-12-2016', '1'),
(2656, '008002656603', '', '沈憲煜', '0080', '總會長', 'hsienyushen@gmail.com', '0903-628518', 1, '008002656603.jpg', '', '12-12-2016', '1'),
(2657, '008002657632', '', '錢宣甫', '0080', '諮詢委員', '&quot;vincent_ttk@hcm.fpt.vn chienhsuanfu@gmail.com&quot;', '0903-948889', 1, 'Picture-31.jpg', '', '12-12-2016', '1'),
(2658, '008002658711', '', '孔祥平', '0080', '顧問', 'stanley17168@gmail.com', '0909-923888', 1, '008002658711.jpg', '', '12-12-2016', '1'),
(2659, '008002659735', '', '劉昱鑫', '0080', '顧問', 'michaelliu0817@gmail.com', '0919-872768', 1, '008002659735.jpg', '', '12-12-2016', '1'),
(2660, '008002660769', '', '曾潮星', '0080', '資深理事', 'jasonjason196966@gmail.com', '0903-980616', 0, '008002660769.jpg', '', '12-12-2016', '1'),
(2661, '008002661811', '', '陳俊良', '0080', '資深理事', 'chunliang0321@yahoo.com.tw', '0903-801242', 1, '008002661811.jpg', '', '12-12-2016', '1'),
(2663, '008002663857', '', '游明達', '0080', '資深理事', '0054@giavico.com.vn', '0983-939601', 1, '008002663857.jpg', '', '12-12-2016', '1'),
(2664, '008002664885', '', '黃冠富', '0080', '資深理事', 'nick@daiphatfood.com.vn', '0938-551123', 1, '0080022664885.jpg', '', '12-12-2016', '1'),
(2665, '008002665938', '', '余俊廸', '0080', '資深理事', 'eddie@daying.com.vn', '0903-831893', 0, 'Picture-30.jpg', '', '12-12-2016', '1'),
(2667, '008002667007', '', '黃湘玲', '0080', '資深理事', 'lelisa914@gmail.com', '0903-731039', 1, '008002667007.jpg', '', '12-12-2016', '1'),
(2668, '008002668036', '', '董丹麗', '0080', '資深理事', 'danli1027@hotmail.com', '0903-954518', 1, '008002668036.jpg', '', '12-12-2016', '1'),
(2669, '008002669066', '', '林詩萍', '0080', '資深理事', 'apple0924tw@yahoo.com.tw', '0908-058606', 1, '008002669066.jpg', '', '12-12-2016', '1'),
(2670, '008002670094', '', '黄金億', '0080', '資深理事', 'chexter@pingroun.com.tw', '0128-5932458', 1, '008002670094.jpg', '', '12-12-2016', '1'),
(2671, '008002671125', '', '陳建志', '0080', '理事', 'vaio234@hotmail.com', '0908-333936', 0, '', '', '12-12-2016', '0'),
(2672, '008002672154', '', '戴復基', '0080', '理事', '&quot;danieltai@me.com laptantranding@gmail.com&quot;', '0901-366449', 0, '', '', '12-12-2016', '0'),
(2673, '008002673180', '', '王平川', '0080', '資深理事', 'yl9560239@yahoo.com.vn ', '0902-608225', 0, '008002673180.jpg', '', '12-12-2016', '1'),
(2674, '008002674202', '', '袁紹庭', '0080', '理事', 'shaotingyuan@gmail.com', '0909-611670', 0, '', '', '12-12-2016', '0'),
(2676, '008002676256', '', '余宗庭', '0080', '會員代表', 'tim_yu@asus.com', '0987-033332', 0, '008002676256.jpg', '', '12-12-2016', '0'),
(2677, '008002677283', '', '池俊昇', '0080', '會員代表', 'tanthiendia6868@gmail.com', '0903-111581', 1, '008002677283.jpg', '', '12-12-2016', '1'),
(2678, '008002678310', '', '郭育誠', '0080', '會員代表', 'erickuo@chailease.com.vn', '0909-676328', 0, '', '', '12-12-2016', '0'),
(2679, '008002679334', '', '張晉源', '0080', '會員代表', 'owankimo@gmail.com', '0935-149385', 0, '008002679334.jpg', '', '12-12-2016', '0'),
(2680, '008002680358', '', '柳雲飛', '0080', '會員代表', 'jjaacckkliu22@hotmail.com', '0972-852263', 0, '008002680358.jpg', '', '12-12-2016', '0'),
(2745, '061002745521', '', '陳建同', '0610', '資深理事', 'kaominh@gmail.com', '0919-176598', 1, '061002745521.jpg', '', '12-12-2016', '1'),
(2746, '036088187224', '', '徐嘉隆', '0360', '諮詢委員', 'danny@petline.com.tw', '0168-9953168', 0, '036088187224.jpg', '', '27-02-2017', '1'),
(2747, '051188187302', '', '陳振平', '0511', '副總會長', 'chen@tmc-vn.com', '0903-523838', 1, '051188187302.jpg', '', '27-02-2017', '1'),
(2748, '065088351491', '', '郭毓庭', '0650', '諮詢委員', 'leo@canxin.com.tw', '0932-775386', 0, '', '', '27-02-2017', '0'),
(2749, '024188187514', '', '顏施錦宴', '0241', '諮詢委員', 'hoangbaofood@yahoo.com.vn', '886-933-477678', 0, '024188187514.jpg', '', '27-02-2017', '1'),
(2750, '036088188292', '', '夏世明', '0360', '理事', '', '0169-9075909', 0, '', '', '27-02-2017', '0'),
(2751, '065088188431', '', '黃國燈', '0650', '資深理事', 'kuoteng123@gmail.com', '0918-333178', 1, '065088188431.jpg', '', '27-02-2017', '1'),
(2752, '065088188510', '', '張昆仁', '0650', '理事', 'John.chang@chinli.com', '0908-132799', 0, '065088188510.jpg', '', '27-02-2017', '0'),
(2753, '063092276936', '', '張銍暘', '0630', '資深理事', 'xenangcaotin2002@gmail.com', '0918-598686', 1, '065088188544.jpg', '', '27-02-2017', '1'),
(2754, '066088188644', '', '黃詩偉', '0660', '理事', 'shywei691205@gmail.com', '0933-320920', 1, '066088188644.jpg', '', '27-02-2017', '1'),
(2755, '064088188715', '', '史越荣', '0640', '理事', 'shihrocky75@gmail.com', '0122-3298428', 0, '064088188715.jpg', '', '27-02-2017', '1'),
(2756, '024188188739', '', '郭冠男', '0241', '理事', 'andykuo1208@gmail.com', '0165-2615788', 0, '024188188739.jpg', '', '27-02-2017', '0'),
(2757, '036088188801', '', '陳文進', '0360', '副總會長', 'wjchen5218@gmail.com', '0974-630133', 1, '036088188801.jpg', '', '27-02-2017', '1'),
(2758, '051188188826', '', '余方源', '0511', '監事', 'terryyu@romastone.com.vn', '0913-951390', 0, '', '', '27-02-2017', '0'),
(2759, '066088188869', '', '林宗漢', '0660', '監事', 'k0911384911@yahoo.com.tw', '0902-651299', 1, '066088188869.jpg', '', '27-02-2017', '1'),
(2760, '008088188908', '', '吳正麟', '0080', '資深理事', 'jj25302002@hotmail.com', '0166-8739991', 1, '008088188908.jpg', '', '27-02-2017', '1'),
(2761, '024188189084', '', '陳錦福', '0241', '監事', 'jackerfu@hotmail.com', '0902-463499', 0, '', '', '27-02-2017', '0'),
(2762, '065088189173', '', '簡俊賢', '0650', '理事', 'kennychuan88@gmail.com', '0979-790262', 0, '', '', '27-02-2017', '0'),
(2763, '065088189211', '', '陳水石', '0650', '監事', 'ngoc@hongky.com.tw', '0903-002885', 1, '065088189211.jpg', '', '27-02-2017', '1'),
(2764, '065088189251', '', '陳宏源', '0650', '會員代表', 'thuanloivn@vnn.vn', '0913-924724', 0, '', '', '27-02-2017', '1'),
(2765, '065088189272', '', '林益慶', '0650', '理事', 'tidustomiss@hotmail.com', '0913-672685', 0, '065088189272.jpg', '', '27-02-2017', '1'),
(2766, '065088189300', '', '張國興', '0650', '會員代表', 'buoray@163.com', '0165-6105529', 0, '', '', '27-02-2017', '0'),
(2767, '065088189338', '', '游清誌', '0650', '理事', 'chihli1117@yahoo.com.tw', '0938-020068', 1, '065088189338.jpg', '', '27-02-2017', '1'),
(2768, '065088189357', '', '蔡蕎芳', '0650', '會員代表', 'rebeccatsai@changhonginox.com', '038-9944131', 1, '065088189357.jpg', '', '27-02-2017', '1'),
(2769, '065088189373', '', '郭展維', '0650', '會員代表', 'david@canxin.com.tw', '0917-298550', 0, '', '', '27-02-2017', '0'),
(2770, '066088189398', '', '郭海宏', '0660', '會員代表', '', '', 0, '', '', '27-02-2017', '0'),
(2771, '064088189465', '', '陳威光', '0640', '會員代表', 'kuangchen58@yahoo.com.tw', '0913-840885', 1, '064088189465.jpg', '', '27-02-2017', '1'),
(2772, '024188189486', '', '顏丞徽', '0241', '會員代表', '', '', 0, '024188189486.jpg', '', '27-02-2017', '0'),
(2773, '008088611669', '', '徐信達', '0080', '理事', 'yin8868@yahoo.com.tw', '0908-415488', 0, '', '', '04-03-2017', '0'),
(2774, '031003543141', '', '廖雲煥', '0310', '會員代表', 'steve@chilisin.com.tw', '0936-698895', 0, '031003543141.jpg', '', '24-08-2017', '0'),
(2775, '031003543798', '031003543798', '王坤生', '0310', '監事', 'alenwang2008@gmail.com', '0906-111311', 0, '031003543798.jpg', '', '24-08-2017', '1'),
(2777, '024103543763', '', '張家農', '0241', '理事', 'chang6889358@yahoo.com.tw', '0123-8816699', 1, '024103543763.jpg', '', '24-08-2017', '1'),
(2778, '024103543751', '', '張宏洋', '0241', '理事', 'gofa0915@gmail.com', '0166-2121888', 1, '024103543751.jpg', '', '24-08-2017', '1'),
(2779, '051103545356', '', '黃金槍', '0511', '監事', 'vinhnghiep668@gmail.com', '0905-889439', 0, '', '', '24-08-2017', '1'),
(2780, '051103545396', '', '陳冠中', '0511', '會員代表', 'vinhnghiep668@gmail.com', '0905-889438 ', 0, '', '', '24-08-2017', '0'),
(2781, '024104069520', '', '徐深波', '0241', '會員代表', 'michael_hsu@vpic1.com.vn ', '0912-904301', 0, '', '', '30-08-2017', '0'),
(2782, '066004069791', '', '劉曲子', '0660', '理事', 'song089@yahoo.com.tw', '0902-911337', 0, '066004069791.jpg', '', '30-08-2017', '1'),
(2783, '036004083917', '', '陳威成', '0360', '會員代表', 'ctchen168@meinameina.com.vn', '0946-681658', 0, '', '', '30-08-2017', '0'),
(2784, '008004250774', '', '尉毅君', '0080', '會員代表', 'jameswei@china-airlines.com', '0903-056808', 0, '', '', '01-09-2017', '0'),
(2785, '008004250805', '', '凌巧倩', '0080', '秘書長/理事', 'summeralwayssmile@gmail.com', '0917-299958', 1, '008004250805.jpg', '', '01-09-2017', '1'),
(2786, '008004250835', '', '許元瑜', '0080', '會員代表', 'YuanYu.Hsu@vnm.fujixerox.com', '0909-555987', 0, '', '', '01-09-2017', '0'),
(2787, '008004250865', '', '莊和榮', '0080', '會員代表', 'congtychinhthinh3009@gmail.com', '0901-335884', 0, '', '', '01-09-2017', '0'),
(2788, '008012964682', '', 'test', '0080', 'sfsa', 'yahaoo@yahoo.com', '2342343', 0, '008012964682.jpg', '', '11-12-2017', '0'),
(2789, '031013217601', '', '石基衛', '0310', '會員代表', '', '', 0, '031013217601.jpg', '', '14-12-2017', '0'),
(2790, '004019645905', '', '羅世良', '0040', '資深理事', 'patrick@brico.com.tw', '0985-093313', 1, '004019645905.jpg', '', '26-02-2018', '1'),
(2791, '004019645957', '', '許文華', '0040', '理事', 'hsu90689@yahoo.com.tw', '0912-906689', 0, '', '', '26-02-2018', '0'),
(2792, '063019646009', '', '蔡長霖', '0630', '資深理事', 'tsaihoai5@gmail.com', '0933-065168', 1, '063019646009.jpg', '', '26-02-2018', '1'),
(2793, '063019646065', '', '劉志堅', '0630', '資深理事', 'finalgod520@gmail.com', '0919-179138', 1, '063019646065.jpg', '', '26-02-2018', '1'),
(2794, '065019646207', '', '吳正陽', '0650', '理事', 'mtv861108@gmail.com', '0933-885318', 1, '065019646207.jpg', '', '26-02-2018', '1'),
(2795, '065019646347', '', '蔡欣怡', '0650', '理事', 'chyt82@gmail.com', '0909-997392', 0, '', '', '26-02-2018', '0'),
(2796, '066019647793', '', '王緒騰', '0660', '理事', 'ericwang@chouchunasia.com', '0908-241786', 0, '', '', '26-02-2018', '0'),
(2797, '008119646718', '', '周淑蘭', '0081', '理事', 'a26924890@gmail.com', '0918-013159', 0, '008119646718.jpg', '', '26-02-2018', '1'),
(2798, '004019646758', '', '黃琳惇', '0040', '監事', 'pennyhuang19800903@gmail.com', '0934-553255', 0, '004019646758.jpg', '', '26-02-2018', '0'),
(2799, '008119646943', '', '林振界', '0081', '監事', 'chenchieh123@gmail.com', '0913-127666', 1, '008119646943.jpg', '', '26-02-2018', '1'),
(2800, '004019646995', '', '李家程', '0040', '會員代表', 'tony895028@gmail.com', '0914-380-349', 1, '004019646995.jpg', '', '26-02-2018', '1'),
(2801, '063019647146', '', '呂學奇', '0630', '理事', 'chi360042@hotmail.com', '0918-595188', 0, '063019647146.jpg', '', '26-02-2018', '1'),
(2802, '061092277228', '', '邱煥珍', '0610', '理事', 'benq@amerlube.com', '0919-780076', 1, '065019647207.jpg', '', '26-02-2018', '1'),
(2803, '066019647248', '', '阮少甫', '0660', '會員代表', 'audi@cannits.com', '0945-739838', 0, '', '', '26-02-2018', '0'),
(2804, '008019647308', '', '吳政諺', '0080', '理事', 'vincentwu1@kpmg.com.vn; xau@kpmg.com.vn', '0932-661623', 1, '008019647308.jpg', '', '26-02-2018', '1'),
(2805, '024119647351', '', '鄭玉華', '0241', '會員代表', 'excell.vn@gmail.com', '0963-202282', 0, '', '', '26-02-2018', '0'),
(2806, '024133616390', '', '陳秋火', '0241', '監事', 'overseas@rubberpro.net', '0912-145070', 0, '', '', '07-08-2018', '0'),
(2807, '061033625938', '', '簡瑋宏', '0610', '理事', 'chienwh1103@gmail.com', '0946-996333', 0, '061033625938.jpg', '', '07-08-2018', '1'),
(2808, '061033625978', '', '張瑞泰', '0610', '理事', 'raytai88@gmail.com', '0907-009868', 0, '061033625978.jpg', '', '07-08-2018', '1'),
(2809, '061033626014', '', '陳信彰', '0610', '會員代表', 'bruce@wu-luen.com.tw', '0909-108589', 1, '061033626014.jpg', '', '07-08-2018', '1'),
(2810, '061033626049', '', '張昆智', '0610', '理事', 'khh781404@hotmail.com', '0909-982340', 1, '061033626049.jpg', '', '07-08-2018', '1'),
(2811, '072033628083', '', '劉美良', '0720', '理事', '', '0903-920310', 0, '', '', '07-08-2018', '1'),
(2812, '051134478577', '', '許志誠', '0511', '理事', 'stevenhsu@livemail.tw', '0935-853751', 1, '051134478577.jpg', '', '17-08-2018', '1'),
(2813, '031035352626', '', '金國孝', '0310', '諮詢委員', '', '', 0, '', '', '27-08-2018', '0'),
(2814, '063035352901', '', '張兩旺', '0630', '理事', '', '0914-353168', 1, '063035352901.jpg', '', '27-08-2018', '1'),
(2815, '061035354213', '', '吳慶桓', '0610', '會員代表', 'ericwu610813@hotmail.com.tw', '0903-360686', 0, '', '', '27-08-2018', '0'),
(2816, '061035354246', '', '吳明機', '0610', '會員代表', 'davidwu@kienhang.com.vn', '0919-254958', 0, '061035354246.jpg', '', '27-08-2018', '1'),
(2817, '066035357282', '', '蕭燕評', '0660', '諮詢委員', 'tptmjy@gmail.com', '0363-125168', 0, '066035357282.jpg', '', '27-08-2018', '1'),
(2818, '066035357320', '', '宋贛臺', '0660', '會員代表', 'dacthangvnn@hcm.vnn.vn', '0903-834512', 1, '066035357320.jpg', '', '27-08-2018', '1'),
(2819, '008035358408', '', '徐科甫', '0080', '理事', 'jacky@yahoo.com.vn', '0909-376643', 1, '008035358408.jpg', '', '27-08-2018', '1'),
(2820, '008035358440', '', '陳明政', '0080', '理事', 'apa6528@yahoo.com.tw', '0908-675731', 0, '008035358440.jpg', '', '27-08-2018', '1'),
(2821, '008035358468', '', '張正宗', '0080', '監事', 'amypeng1111@gmail.com', '0937-350143', 1, '008035358468.jpg', '', '27-08-2018', '1'),
(2822, '008035358517', '', '黃啓豪', '0080', '會員代表', 'yourvnbiz@gmail.com', '0918-869098', 0, '', '', '27-08-2018', '0'),
(2823, '008035358547', '', '王吟寧', '0080', '會員代表', 'info@dongnaigolf.com.vn', '0902-984188', 1, '008035358547.jpg', '', '27-08-2018', '1'),
(2824, '072035358826', '', '宋滿祥', '0720', '諮詢委員', 'kingshow@vnn.vn', '0903-808813', 0, '', '', '27-08-2018', '1'),
(2825, '072035359053', '', '王瑞宏', '0720', '理事', 'i8332@yfy.com', '0903-056818', 1, '', '', '27-08-2018', '1'),
(2826, '072035359079', '', '蔡文進', '0720', '會員代表', '', '0903-922577', 0, '', '', '27-08-2018', '0'),
(2827, '072036135429', '', '蔡智帆', '0720', '顧問', '', '0902-922577', 1, '', '', '05-09-2018', '1'),
(2828, '008036135651', '', '周雪蘭', '0080', '會員代表', 'lan601111@gmail.com', '0938-463168', 1, '008036135651.jpg', '', '05-09-2018', '1'),
(2829, '024136203686', '', '王大維', '0241', '會員代表', 'z0952488498@gmail.com', '0988-979308', 0, '', '', '05-09-2018', '0'),
(2830, '024136203133', '', '林軒節', '0241', '會員代表', 'vietnam.tingya@gmail.com', '0936-852688', 1, '024136203133.jpg', '', '05-09-2018', '1'),
(2831, '036050475281', '', '彭素琴', '0360', '理事', 'suchinpeng489@gmail.com', '0835-142229', 1, '036050475281.jpg', '', '18-02-2019', '1'),
(2832, '039050475588', '', '張健發', '0390', '監事', 'chienfachang@gmail.com', '0962-071760', 1, '039050475588.jpg', '', '18-02-2019', '1'),
(2833, '036050475686', '', '鄭閎元', '0360', '監事', 'daniel@vtacvn.com.vn', '0385-230555', 1, '036050475686.jpg', '', '18-02-2019', '1'),
(2834, '051150476250', '', '蔡佑鑫', '0511', '會員代表', 'tsai1972yuhsin@yahoo.com.tw', '0903-955474', 1, '051150476250.jpg', '', '18-02-2019', '1'),
(2835, '065051076545', '', '游俊強', '0650', '理事', 'junyu1002@gmail.com', '0931-292888', 1, '065051076545.jpg', '', '25-02-2019', '1'),
(2836, '065051076587', '', '丁予泉', '0650', '理事', 'thirdbaseman02@gmail.com', '0919-374999', 1, '065051076587.jpg', '', '25-02-2019', '1'),
(2837, '065051076619', '', '吳慶桓', '0650', '理事', 'ericwu610813@hotmail.com.tw', '0903-360686', 0, '', '', '25-02-2019', '1'),
(2838, '065051076914', '', '樊莊強', '0650', '會員代表', 'johnfan1021@gmail.com', '0937-588470', 1, '065051076914.jpg', '', '25-02-2019', '1'),
(2839, '065051076966', '', '陳文峰', '0650', '理事', 'chenwenfung@gmail.com', '0913-901695', 0, '065051076966.jpg', '', '25-02-2019', '1'),
(2840, '065051077019', '', '楊孝苑', '0650', '理事', 'yang5650@gmail.com', '0908-803707', 1, '065051077019.jpg', '', '25-02-2019', '1'),
(2841, '065051077054', '', '白漢鵬', '0650', '理事', 'baimuwu888@gmail.com', '0962-593843', 1, '065051077054.jpg', '', '25-02-2019', '1'),
(2842, '039051665321', '', '許銘軒', '0390', '會員代表', 'imsn0952@gmail.com', '0932-315323', 1, '039051665321.jpg', '', '04-03-2019', '1'),
(2843, '031052370264', '', '蔡泳森', '0310', '會員代表', 'kobe7429@gmail.com', '0975-206311', 0, '031052370264.jpg', '', '12-03-2019', '0'),
(2844, '004054691264', '', '鄧明敦', '0040', '理事', 'allenteng@ptecvn.com', '0906-201338', 1, '004054691264.jpg', '', '08-04-2019', '1'),
(2848, '031059272988', '', '柯進道', '0310', '副總會長', 'tnhhtunghiep@vnn.vn', '0913-245006', 1, '031059272988.jpg', '', '31-05-2019', '1'),
(2849, '031059273053', '', '柯秋木', '0310', '理事', 'kochiumu@sangmy.vn', '0912-190526', 1, '031059273053.jpg', '', '31-05-2019', '1'),
(2850, '031059273079', '', '陳褔貴', '0310', '理事', '', '0868-585168', 0, '', '', '31-05-2019', '0'),
(2851, '024166975326', '', '謝良榮', '0241', '會員代表', 'weiquan0712@yahoo.com ', '0904-866590', 1, '024166975326.jpg', '', '28-08-2019', '1'),
(2852, '031066975639', '', '柳國強', '0310', '理事', 'lien_vi@vnn.vn', '0903-440208', 0, '031066975639.jpg', '', '28-08-2019', '1'),
(2853, '031066975676', '', '朱佐永', '0310', '理事', 'sales1@aiteck.com.tw', '0911-110567', 0, '', '', '28-08-2019', '1'),
(2854, '031066975705', '', '劉仕滉', '0310', '會員代表', '', '0903-428197', 1, '031066975705.jpg', '', '28-08-2019', '1'),
(2856, '065066976603', '', '郭吉安', '0650', '資深理事', 'vietlaihuong1313@gmail.com', '0913-801928', 0, '', '', '28-08-2019', '1'),
(2857, '065066977181', '', '葉懿忠', '0650', '會員代表', 'dingjyun@gmail.com', '0972-852700', 1, '065066977181.jpg', '', '28-08-2019', '1'),
(2858, '065066977235', '', '胡建偉', '0650', '理事', 'dianwill2000@hotmail.com', '0908-689058', 1, '065066977235.jpg', '', '28-08-2019', '1'),
(2859, '065066977280', '', '黃世豪', '0650', '會員代表', 'ivy870412@gmail.com', '0932-127189', 1, '065066977280.jpg', '', '28-08-2019', '1'),
(2860, '065066977321', '', '張育霖', '0650', '會員代表', 'ma10@lcmotor.com', '0931-531277', 0, '065066977321.jpg', '', '28-08-2019', '1'),
(2861, '061068274304', '', '謝朝煌', '0610', '會員代表', 'michael-hsieh@vedaninternational.com', '0919-693336', 0, '061068274304.jpg', '', '12-09-2019', '1'),
(2862, '061068702467', '', '馬良華', '0610', '監事', 'huseinma@caesar.com.tw', '0903-300601', 0, '', '', '17-09-2019', '0'),
(2863, '061068702678', '', '簡子沄', '0610', '會員代表', 'd9829722@gmail.com', '0906-179100', 1, '061068702678.jpg', '', '17-09-2019', '1'),
(2864, '031074749974', '', '林義棠', '0310', '會員代表', 'Lytfhy@talenttop.com', '0778-358987', 1, '031074749974.jpg', '', '26-11-2019', '1'),
(2865, '004092277025', '', '朱碩英', '0040', '理事', 'chushuoying@yahoo.com.tw', '0919-220169', 1, '004092277025.jpg', '', '16-06-2020', '1'),
(2866, '004092277105', '', '范繼中', '0040', '理事', 'jeffrey.fan@lwtc.com.tw', '0985-267966', 1, '004092277105.jpg', '', '16-06-2020', '1'),
(2867, '004092277607', '', '楊志文', '0040', '監事', 'hanoi02@rockteamvn.com', '0903-650211', 1, '004092277607.jpg', '', '16-06-2020', '1'),
(2868, '061092277657', '', '李其樹', '0610', '監事', 'fyllydia2005@gmail.com', '0767-857707', 1, '061092277657.jpg', '', '16-06-2020', '1'),
(2869, '064092277715', '', '林沅鋕', '0640', '監事', '0931299888@meizic.com', '0931-299888', 1, '064092277715.jpg', '', '16-06-2020', '1'),
(2870, '004092277783', '', '郭冠男', '0040', '會員代表', 'andykuo1208@gmail.com', '0352-615788', 1, '004092277783.jpg', '', '16-06-2020', '1'),
(2871, '004092277848', '', '彭煜仁', '0040', '會員代表', 'leopeng@hanbell-vn.com', '0978-619933', 1, '004092277848.jpg', '', '16-06-2020', '1'),
(2872, '031092277911', '', '劉春陽', '0310', '會員代表', '', '0376-938628', 1, '031092277911.jpg', '', '16-06-2020', '1'),
(2873, '063092277947', '', '吳佳煌', '0630', '會員代表', 'liyujuan@ymail.com', '0919-259578', 0, '', '', '16-06-2020', '1'),
(2874, '063092277987', '', '陳火陵', '0630', '會員代表', 'traphatco1@gmail.com', '0908-278301', 0, '', '', '16-06-2020', '0'),
(2875, '061092278073', '', '陳柔妤', '0610', '會員代表', 'info@stand-dragon.com.vn', '0907-527168', 1, '061092278073.jpg', '', '16-06-2020', '1'),
(2876, '065092278173', '', '林承明', '0650', '會員代表', 'vnchung19700807@yahoo.com.tw', '0966-722626', 1, '065092278173.jpg', '', '16-06-2020', '1'),
(2877, '065092278206', '', '竇俊偉', '0650', '會員代表', 'phucthong0520@gmail.com', '0812-396274', 1, '065092278206.jpg', '', '16-06-2020', '1'),
(2878, '065092278706', '', '陳崎星', '0650', '會員代表', 'Cch1981@gmail.com', '0967-318339', 1, '065092278706.jpg', '', '16-06-2020', '1'),
(2879, '065092278744', '', '陳湘詒', '0650', '會員代表', 'hychen831@gmail.com', '0888-265105', 0, '065092278744.jpg', '', '16-06-2020', '1'),
(2880, '008192278788', '', '陳俊良', '0081', '會員代表', 'elson.chen@aoet.com.tw', '0932-706588', 1, '008192278788.jpg', '', '16-06-2020', '1'),
(2881, '061092550295', '', '康怡穎', '0610', '會員代表', 'sullair@datkien.com', '0938-146603', 1, '061092550295.jpg', '', '19-06-2020', '1'),
(2882, '008095321050', '', '袁濟凡', '0080', '副總會長', 'ep_davidyuan@yahoo.com.tw', '0903-908909', 1, '008095321050.jpg', '', '21-07-2020', '1'),
(2883, '008095321183', '', '袁紹庭', '0080', '會員代表', 'shaotingyuan@f-techcayman.com', '0906-611670', 1, '008095321183.jpg', '', '21-07-2020', '1'),
(2884, '008095321218', '', '張勤芝', '0080', '會員代表', 'QinZhi.Zhang@vnm.fujixerox.com', '0968-167224', 1, '008095321218.jpg', '', '21-07-2020', '1'),
(2885, '063099628757', '', '張佑義', '0630', '會員代表', 'yuyichang85@gmail.com', '0939966102', 1, '063099628757.jpg', '', '09-09-2020', '1');

-- --------------------------------------------------------

--
-- Cấu trúc bảng cho bảng `wpdt_guests_check_in`
--

DROP TABLE IF EXISTS `wpdt_guests_check_in`;
CREATE TABLE `wpdt_guests_check_in` (
  `ID` int(11) NOT NULL,
  `guests_id` int(11) NOT NULL,
  `barcode` varchar(20) NOT NULL,
  `time` varchar(50) NOT NULL,
  `date` varchar(50) NOT NULL
) ENGINE=InnoDB DEFAULT CHARSET=utf8;

--
-- Đang đổ dữ liệu cho bảng `wpdt_guests_check_in`
--

INSERT INTO `wpdt_guests_check_in` (`ID`, `guests_id`, `barcode`, `time`, `date`) VALUES
(11, 2831, '036050475281', '09:03:30', '09-20-2020'),
(12, 2757, '036088188801', '09:03:34', '09-20-2020'),
(13, 2521, '036088344469', '09:03:38', '09-20-2020'),
(14, 2833, '036050475686', '09:03:42', '09-20-2020'),
(15, 2650, '008002650425', '09:05:50', '09-20-2020'),
(16, 2664, '008002664885', '09:25:36', '09-20-2020'),
(17, 2659, '008002659735', '09:28:29', '09-20-2020'),
(18, 2563, '024150472755', '09:28:47', '09-20-2020'),
(19, 2489, '024188342429', '09:28:51', '09-20-2020'),
(20, 2882, '008095321050', '09:29:55', '09-20-2020'),
(21, 2747, '051188187302', '09:35:34', '09-20-2020'),
(22, 2578, '004092274507', '09:37:20', '09-20-2020'),
(23, 2497, '061002497267', '09:48:13', '09-20-2020'),
(24, 2763, '065088189211', '09:50:34', '09-20-2020'),
(25, 2638, '065002638925', '09:50:51', '09-20-2020'),
(26, 2654, '008002654547', '09:51:48', '09-20-2020'),
(27, 2552, '004002552699', '09:51:52', '09-20-2020'),
(28, 2512, '061002512949', '09:51:55', '09-20-2020'),
(29, 2827, '072036135429', '09:52:10', '09-20-2020'),
(30, 2554, '004002554758', '09:52:15', '09-20-2020'),
(31, 2759, '066088188869', '09:57:09', '09-20-2020'),
(32, 2793, '063019646065', '10:00:23', '09-20-2020'),
(33, 2757, '036088188801', '10:00:48', '09-20-2020'),
(34, 2521, '036088344469', '10:00:53', '09-20-2020'),
(35, 2613, '065002613110', '10:01:13', '09-20-2020'),
(36, 2576, '031002576610', '10:02:58', '09-20-2020'),
(37, 2657, '008002657632', '10:03:10', '09-20-2020'),
(38, 2832, '039050475588', '10:05:32', '09-20-2020'),
(39, 2572, '039002572346', '10:05:36', '09-20-2020'),
(40, 2842, '039051665321', '10:05:38', '09-20-2020'),
(41, 2509, '061002509810', '10:09:25', '09-20-2020'),
(42, 2543, '063002543461', '10:12:39', '09-20-2020'),
(43, 2549, '063002549601', '10:12:43', '09-20-2020'),
(44, 2550, '063002550632', '10:12:46', '09-20-2020'),
(45, 2814, '063035352901', '10:12:58', '09-20-2020'),
(46, 2495, '061002495169', '10:14:51', '09-20-2020'),
(47, 2616, '065002616221', '10:18:55', '09-20-2020'),
(48, 2667, '008002667007', '10:21:00', '09-20-2020'),
(49, 2636, '065002636864', '10:27:35', '09-20-2020'),
(50, 2644, '065002644112', '10:29:29', '09-20-2020'),
(51, 2865, '004092277025', '10:30:17', '09-20-2020'),
(52, 2496, '061002496233', '10:37:28', '09-20-2020'),
(53, 2868, '061092277657', '10:38:45', '09-20-2020'),
(54, 2505, '061002505624', '10:38:57', '09-20-2020'),
(55, 2760, '008088188908', '10:39:41', '09-20-2020'),
(56, 2583, '031002583951', '10:43:03', '09-20-2020'),
(57, 2835, '065051076545', '10:53:46', '09-20-2020'),
(58, 2869, '064092277715', '10:54:08', '09-20-2020'),
(59, 2611, '064002611971', '10:58:24', '09-20-2020'),
(60, 2609, '064002609912', '10:58:26', '09-20-2020'),
(61, 2604, '064002604762', '10:58:29', '09-20-2020'),
(62, 2812, '051134478577', '11:00:02', '09-20-2020'),
(63, 2854, '031066975705', '11:00:39', '09-20-2020'),
(64, 2872, '031092277911', '11:00:41', '09-20-2020'),
(65, 2849, '031059273053', '11:00:48', '09-20-2020'),
(66, 2864, '031074749974', '11:03:16', '09-20-2020'),
(67, 2867, '004092277607', '11:05:29', '09-20-2020'),
(68, 2800, '004019646995', '11:05:49', '09-20-2020'),
(69, 2866, '004092277105', '11:05:57', '09-20-2020'),
(70, 2871, '004092277848', '11:06:08', '09-20-2020'),
(71, 2844, '004054691264', '11:06:48', '09-20-2020'),
(72, 2870, '004092277783', '11:07:02', '09-20-2020'),
(73, 2810, '061033626049', '11:07:27', '09-20-2020'),
(74, 2751, '065088188431', '11:07:37', '09-20-2020'),
(75, 2579, '031002579770', '11:09:24', '09-20-2020'),
(76, 2778, '024103543751', '11:09:28', '09-20-2020'),
(77, 2859, '065066977280', '11:11:53', '09-20-2020'),
(78, 2878, '065092278706', '11:12:04', '09-20-2020'),
(79, 2841, '065051077054', '11:13:11', '09-20-2020'),
(80, 2818, '066035357320', '11:13:19', '09-20-2020'),
(81, 2620, '065002620344', '11:13:26', '09-20-2020'),
(82, 2802, '061092277228', '11:14:02', '09-20-2020'),
(83, 2617, '065002617254', '11:14:31', '09-20-2020'),
(84, 2790, '004019645905', '11:23:40', '09-20-2020'),
(85, 2582, '031002582908', '11:23:51', '09-20-2020'),
(86, 2830, '024136203133', '11:24:54', '09-20-2020'),
(87, 2851, '024166975326', '11:24:56', '09-20-2020'),
(88, 2597, '072002597540', '11:28:14', '09-20-2020'),
(89, 2668, '008002668036', '11:29:09', '09-20-2020'),
(90, 2596, '072002596469', '11:29:10', '09-20-2020'),
(91, 2838, '065051076914', '11:34:44', '09-20-2020'),
(92, 2877, '065092278206', '11:34:47', '09-20-2020'),
(93, 2767, '065088189338', '11:35:53', '09-20-2020'),
(94, 2527, '051102527924', '11:40:53', '09-20-2020'),
(95, 2501, '061002501450', '11:45:04', '09-20-2020'),
(96, 2588, '066002588178', '11:52:43', '09-20-2020'),
(97, 2496, '061002496233', '12:32:53', '09-20-2020'),
(98, 2751, '065088188431', '12:56:07', '09-20-2020'),
(99, 2663, '008002663857', '12:56:08', '09-20-2020'),
(100, 2497, '061002497267', '12:56:13', '09-20-2020'),
(101, 2604, '064002604762', '12:57:01', '09-20-2020'),
(102, 2793, '063019646065', '12:57:06', '09-20-2020'),
(103, 2611, '064002611971', '12:57:07', '09-20-2020'),
(104, 2759, '066088188869', '12:57:16', '09-20-2020'),
(105, 2785, '008004250805', '12:57:28', '09-20-2020'),
(106, 2504, '061002504589', '12:57:53', '09-20-2020'),
(107, 2596, '072002596469', '12:58:27', '09-20-2020'),
(108, 2495, '061002495169', '12:59:35', '09-20-2020'),
(109, 2844, '004054691264', '12:59:48', '09-20-2020'),
(110, 2657, '008002657632', '13:00:25', '09-20-2020'),
(111, 2751, '065088188431', '13:01:43', '09-20-2020'),
(112, 2882, '008095321050', '13:01:49', '09-20-2020'),
(113, 2569, '039002569261', '13:06:56', '09-20-2020'),
(114, 2754, '066088188644', '13:08:10', '09-20-2020'),
(115, 2670, '008002670094', '13:09:20', '09-20-2020'),
(116, 2627, '065002627592', '13:09:26', '09-20-2020'),
(117, 2763, '065088189211', '13:09:34', '09-20-2020'),
(118, 2614, '065002614147', '13:10:17', '09-20-2020'),
(119, 2800, '004019646995', '13:10:34', '09-20-2020'),
(120, 2621, '065002621405', '13:10:53', '09-20-2020'),
(121, 2835, '065051076545', '13:11:54', '09-20-2020'),
(122, 2664, '008002664885', '13:12:13', '09-20-2020'),
(123, 2668, '008002668036', '13:13:26', '09-20-2020'),
(124, 2500, '061002500413', '13:13:34', '09-20-2020'),
(125, 2870, '004092277783', '13:16:16', '09-20-2020'),
(126, 2871, '004092277848', '13:16:18', '09-20-2020'),
(127, 2554, '004002554758', '13:16:30', '09-20-2020'),
(128, 2572, '039002572346', '13:16:33', '09-20-2020'),
(129, 2842, '039051665321', '13:16:36', '09-20-2020'),
(130, 2802, '061092277228', '13:17:20', '09-20-2020'),
(131, 2868, '061092277657', '13:17:22', '09-20-2020'),
(132, 2597, '072002597540', '13:19:47', '09-20-2020'),
(133, 2511, '061002511921', '13:20:48', '09-20-2020'),
(134, 2841, '065051077054', '13:21:03', '09-20-2020'),
(135, 2620, '065002620344', '13:21:24', '09-20-2020'),
(136, 2818, '066035357320', '13:21:26', '09-20-2020'),
(137, 2677, '008002677283', '13:21:39', '09-20-2020'),
(138, 2636, '065002636864', '13:21:53', '09-20-2020'),
(139, 2804, '008019647308', '13:22:32', '09-20-2020'),
(140, 2819, '008035358408', '13:22:37', '09-20-2020'),
(141, 2489, '024188342429', '13:22:45', '09-20-2020'),
(142, 2578, '004092274507', '13:22:51', '09-20-2020'),
(143, 2830, '024136203133', '13:22:55', '09-20-2020'),
(144, 2865, '004092277025', '13:23:00', '09-20-2020'),
(145, 2882, '008095321050', '13:23:06', '09-20-2020'),
(146, 2828, '008036135651', '13:23:13', '09-20-2020'),
(147, 2821, '008035358468', '13:23:19', '09-20-2020'),
(148, 2832, '039050475588', '13:23:24', '09-20-2020'),
(149, 2812, '051134478577', '13:23:29', '09-20-2020'),
(150, 2866, '004092277105', '13:23:35', '09-20-2020'),
(151, 2851, '024166975326', '13:23:40', '09-20-2020'),
(152, 2760, '008088188908', '13:24:07', '09-20-2020'),
(153, 2629, '065002629652', '13:24:28', '09-20-2020'),
(154, 2768, '065088189357', '13:24:41', '09-20-2020'),
(155, 2667, '008002667007', '13:25:42', '09-20-2020'),
(156, 2668, '008002668036', '13:25:52', '09-20-2020'),
(157, 2553, '004002553727', '13:26:19', '09-20-2020'),
(158, 2550, '063002550632', '13:26:26', '09-20-2020'),
(159, 2810, '061033626049', '13:26:56', '09-20-2020'),
(160, 2867, '004092277607', '13:28:07', '09-20-2020'),
(161, 2799, '008119646943', '13:28:22', '09-20-2020'),
(162, 2616, '065002616221', '13:28:28', '09-20-2020'),
(163, 2509, '061002509810', '13:28:39', '09-20-2020'),
(164, 2656, '008002656603', '13:29:06', '09-20-2020'),
(165, 2809, '061033626014', '13:29:44', '09-20-2020'),
(166, 2880, '008192278788', '13:30:44', '09-20-2020'),
(167, 2814, '063035352901', '13:30:56', '09-20-2020'),
(168, 2515, '061002515064', '13:31:26', '09-20-2020'),
(169, 2884, '008095321218', '13:33:35', '09-20-2020'),
(170, 2521, '036088344469', '13:33:52', '09-20-2020'),
(171, 2831, '036050475281', '13:33:54', '09-20-2020'),
(172, 2883, '008095321183', '13:35:08', '09-20-2020'),
(173, 2534, '051102534134', '13:35:33', '09-20-2020'),
(174, 2549, '063002549601', '13:35:41', '09-20-2020'),
(175, 2552, '004002552699', '13:35:46', '09-20-2020'),
(176, 2543, '063002543461', '13:35:48', '09-20-2020'),
(177, 2613, '065002613110', '13:36:06', '09-20-2020'),
(178, 2792, '063019646009', '13:36:08', '09-20-2020'),
(179, 2753, '063092276936', '13:36:10', '09-20-2020'),
(180, 2757, '036088188801', '13:37:26', '09-20-2020'),
(181, 2833, '036050475686', '13:37:30', '09-20-2020'),
(182, 2864, '031074749974', '13:38:00', '09-20-2020'),
(183, 2825, '072035359053', '13:38:36', '09-20-2020'),
(184, 2638, '065002638925', '13:38:54', '09-20-2020'),
(185, 2527, '051102527924', '13:39:15', '09-20-2020'),
(186, 2498, '061002498323', '13:40:01', '09-20-2020'),
(187, 2654, '008002654547', '13:40:59', '09-20-2020'),
(188, 2551, '008035352798', '13:41:28', '09-20-2020'),
(189, 2848, '031059272988', '13:41:44', '09-20-2020'),
(190, 2849, '031059273053', '13:41:47', '09-20-2020'),
(191, 2636, '065002636864', '13:41:53', '09-20-2020'),
(192, 2617, '065002617254', '13:42:02', '09-20-2020'),
(193, 2545, '063002545521', '13:42:56', '09-20-2020'),
(194, 2885, '063099628757', '13:43:03', '09-20-2020'),
(195, 2593, '072002593338', '13:43:41', '09-20-2020'),
(196, 2661, '008002661811', '13:44:47', '09-20-2020'),
(197, 2767, '065088189338', '13:45:03', '09-20-2020'),
(198, 2854, '031066975705', '13:45:10', '09-20-2020'),
(199, 2872, '031092277911', '13:45:15', '09-20-2020'),
(200, 2598, '072002598567', '13:46:13', '09-20-2020'),
(201, 2834, '051150476250', '13:46:25', '09-20-2020'),
(202, 2609, '064002609912', '13:46:33', '09-20-2020'),
(203, 2745, '061002745521', '13:47:08', '09-20-2020'),
(204, 2588, '066002588178', '13:49:08', '09-20-2020'),
(205, 2576, '031002576610', '13:49:38', '09-20-2020'),
(206, 2582, '031002582908', '13:49:46', '09-20-2020'),
(207, 2652, '008002652498', '13:49:53', '09-20-2020'),
(208, 2790, '004019645905', '13:49:57', '09-20-2020'),
(209, 2863, '061068702678', '13:50:01', '09-20-2020'),
(210, 2875, '061092278073', '13:50:21', '09-20-2020'),
(211, 2869, '064092277715', '13:50:35', '09-20-2020'),
(212, 2581, '031002581862', '13:52:57', '09-20-2020'),
(213, 2511, '061002511921', '13:54:16', '09-20-2020'),
(214, 2496, '061002496233', '13:54:25', '09-20-2020'),
(215, 2778, '024103543751', '13:54:30', '09-20-2020'),
(216, 2652, '008002652498', '13:54:33', '09-20-2020'),
(217, 2579, '031002579770', '13:54:35', '09-20-2020'),
(218, 2601, '072002601662', '13:54:37', '09-20-2020'),
(219, 2809, '061033626014', '13:54:47', '09-20-2020'),
(220, 2859, '065066977280', '13:54:49', '09-20-2020'),
(221, 2878, '065092278706', '13:54:50', '09-20-2020'),
(222, 2512, '061002512949', '13:54:53', '09-20-2020'),
(223, 2745, '061002745521', '13:54:55', '09-20-2020'),
(224, 2857, '065066977181', '13:55:28', '09-20-2020'),
(225, 2858, '065066977235', '13:55:31', '09-20-2020'),
(226, 2510, '061002510887', '13:56:12', '09-20-2020'),
(227, 2753, '063092276936', '13:56:16', '09-20-2020'),
(228, 2659, '008002659735', '13:56:25', '09-20-2020'),
(229, 2640, '065088351423', '13:56:29', '09-20-2020'),
(230, 2655, '008002655580', '13:56:44', '09-20-2020'),
(231, 2627, '065002627592', '13:56:48', '09-20-2020'),
(232, 2664, '008002664885', '13:57:22', '09-20-2020'),
(233, 2623, '065002623463', '13:57:28', '09-20-2020'),
(234, 2794, '065019646207', '13:58:13', '09-20-2020'),
(235, 2876, '065092278173', '13:59:21', '09-20-2020'),
(236, 2575, '031002575569', '14:00:38', '09-20-2020'),
(237, 2669, '008002669066', '14:00:57', '09-20-2020'),
(238, 2777, '024103543763', '14:03:02', '09-20-2020'),
(239, 2625, '065002625521', '14:07:21', '09-20-2020'),
(240, 2658, '008002658711', '14:11:44', '09-20-2020'),
(241, 2823, '008035358547', '14:11:57', '09-20-2020'),
(242, 2840, '065051077019', '14:13:01', '09-20-2020'),
(243, 2501, '061002501450', '14:14:32', '09-20-2020'),
(244, 2507, '061002507733', '14:14:43', '09-20-2020'),
(245, 2599, '072002599590', '14:19:03', '09-20-2020'),
(246, 2635, '065002635838', '14:20:40', '09-20-2020'),
(247, 2836, '065051076587', '14:20:42', '09-20-2020'),
(248, 2881, '061092550295', '14:21:30', '09-20-2020'),
(249, 2771, '064088189465', '14:23:15', '09-20-2020'),
(250, 2505, '061002505624', '14:25:27', '09-20-2020'),
(251, 2885, '063099628757', '13:36:56', '02-03-2021');

-- --------------------------------------------------------

--
-- Cấu trúc bảng cho bảng `wpdt_links`
--

DROP TABLE IF EXISTS `wpdt_links`;
CREATE TABLE `wpdt_links` (
  `link_id` bigint(20) UNSIGNED NOT NULL,
  `link_url` varchar(255) COLLATE utf8mb4_unicode_ci NOT NULL DEFAULT '',
  `link_name` varchar(255) COLLATE utf8mb4_unicode_ci NOT NULL DEFAULT '',
  `link_image` varchar(255) COLLATE utf8mb4_unicode_ci NOT NULL DEFAULT '',
  `link_target` varchar(25) COLLATE utf8mb4_unicode_ci NOT NULL DEFAULT '',
  `link_description` varchar(255) COLLATE utf8mb4_unicode_ci NOT NULL DEFAULT '',
  `link_visible` varchar(20) COLLATE utf8mb4_unicode_ci NOT NULL DEFAULT 'Y',
  `link_owner` bigint(20) UNSIGNED NOT NULL DEFAULT '1',
  `link_rating` int(11) NOT NULL DEFAULT '0',
  `link_updated` datetime NOT NULL DEFAULT '0000-00-00 00:00:00',
  `link_rel` varchar(255) COLLATE utf8mb4_unicode_ci NOT NULL DEFAULT '',
  `link_notes` mediumtext COLLATE utf8mb4_unicode_ci NOT NULL,
  `link_rss` varchar(255) COLLATE utf8mb4_unicode_ci NOT NULL DEFAULT ''
) ENGINE=InnoDB DEFAULT CHARSET=utf8mb4 COLLATE=utf8mb4_unicode_ci;

--
-- Chỉ mục cho các bảng đã đổ
--

--
-- Chỉ mục cho bảng `wpdt_commentmeta`
--
ALTER TABLE `wpdt_commentmeta`
  ADD PRIMARY KEY (`meta_id`),
  ADD KEY `comment_id` (`comment_id`),
  ADD KEY `meta_key` (`meta_key`(191));

--
-- Chỉ mục cho bảng `wpdt_comments`
--
ALTER TABLE `wpdt_comments`
  ADD PRIMARY KEY (`comment_ID`),
  ADD KEY `comment_post_ID` (`comment_post_ID`),
  ADD KEY `comment_approved_date_gmt` (`comment_approved`,`comment_date_gmt`),
  ADD KEY `comment_date_gmt` (`comment_date_gmt`),
  ADD KEY `comment_parent` (`comment_parent`),
  ADD KEY `comment_author_email` (`comment_author_email`(10));

--
-- Chỉ mục cho bảng `wpdt_guests`
--
ALTER TABLE `wpdt_guests`
  ADD PRIMARY KEY (`ID`);

--
-- Chỉ mục cho bảng `wpdt_guests_check_in`
--
ALTER TABLE `wpdt_guests_check_in`
  ADD PRIMARY KEY (`ID`);

--
-- Chỉ mục cho bảng `wpdt_links`
--
ALTER TABLE `wpdt_links`
  ADD PRIMARY KEY (`link_id`),
  ADD KEY `link_visible` (`link_visible`);

--
-- AUTO_INCREMENT cho các bảng đã đổ
--

--
-- AUTO_INCREMENT cho bảng `wpdt_commentmeta`
--
ALTER TABLE `wpdt_commentmeta`
  MODIFY `meta_id` bigint(20) UNSIGNED NOT NULL AUTO_INCREMENT;
--
-- AUTO_INCREMENT cho bảng `wpdt_comments`
--
ALTER TABLE `wpdt_comments`
  MODIFY `comment_ID` bigint(20) UNSIGNED NOT NULL AUTO_INCREMENT, AUTO_INCREMENT=5;
--
-- AUTO_INCREMENT cho bảng `wpdt_guests`
--
ALTER TABLE `wpdt_guests`
  MODIFY `ID` int(11) NOT NULL AUTO_INCREMENT, AUTO_INCREMENT=2886;
--
-- AUTO_INCREMENT cho bảng `wpdt_guests_check_in`
--
ALTER TABLE `wpdt_guests_check_in`
  MODIFY `ID` int(11) NOT NULL AUTO_INCREMENT, AUTO_INCREMENT=252;
--
-- AUTO_INCREMENT cho bảng `wpdt_links`
--
ALTER TABLE `wpdt_links`
  MODIFY `link_id` bigint(20) UNSIGNED NOT NULL AUTO_INCREMENT;
/*!40101 SET CHARACTER_SET_CLIENT=@OLD_CHARACTER_SET_CLIENT */;
/*!40101 SET CHARACTER_SET_RESULTS=@OLD_CHARACTER_SET_RESULTS */;
/*!40101 SET COLLATION_CONNECTION=@OLD_COLLATION_CONNECTION */;
